num_prompts,top_k,neighbor_pairs,random_pairs,rank1_mean_cosine,rank1_mean_jaccard,rank1_share_any_rate,rank1_exact_rate,topk_mean_cosine,topk_mean_jaccard,topk_share_any_rate,topk_exact_rate,random_mean_jaccard,random_share_any_rate,random_exact_rate,high_sim_threshold,high_sim_mean_jaccard,high_sim_share_any_rate,low_sim_threshold,low_sim_mean_jaccard,low_sim_share_any_rate,cosine_jaccard_corr
3000,5,15000,15000,0.45364752693971,0.6013833333333334,0.732,0.49033333333333334,0.3058091936024527,0.49403111111111114,0.6539333333333334,0.3668666666666667,0.09119555555555556,0.17893333333333333,0.03426666666666667,0.8646690845489504,0.950111111111111,1.0,0.1161400705575943,0.2560222222222222,0.39266666666666666,0.5165842618323833
